Workbook

Sheet Employee Master
A1: Solara Renewables & Manufacturing Private Limited — Employee Master Data
A2: HRIS extract generated for internal reference. Full active register: 287 employees. This sheet shows a representative sample of 50 records across all departments. CONFIDENTIAL — HR & Admin access only.
A4: Employee ID | B4: Full Name | C4: Gender | D4: Date of Birth | E4: Date of Joining | F4: Designation | G4: Department | H4: Grade/Band | I4: Employment Type | J4: Work Location | K4: Reporting Manager | L4: Official Email | M4: Mobile Number | N4: Blood Group | O4: Marital Status | P4: Annual CTC (INR Lakhs) | Q4: Employment Status | R4: Tenure (Years) | S4: PF Applicable | T4: ESIC Applicable
A5: SOL-EMP-0001 | B5: Rajeev Menon | C5: M | D5: 28628 | E5: 41730 | F5: Managing Director & Chief Executive Officer | G5: Executive Office | H5: L1 | I5: Full-time, Permanent | J5: Corporate Office, Viman Nagar, Pune | K5: Board of Directors | L5: rajeev.menon@solararenewables.in | M5: 9895822412 | N5: A+ | O5: Married | P5: 28.9 | Q5: Active | R5: =ROUND((TODAY()-E5)/365.25,1) -> 12.4 | S5: Yes | T5: No
A6: SOL-EMP-0002 | B6: Priya Iyer | C6: F | D6: 29838 | E6: 42170 | F6: Chief Financial Officer | G6: Finance & Accounts | H6: L1 | I6: Full-time, Permanent | J6: Corporate Office, Viman Nagar, Pune | K6: Rajeev Menon | L6: priya.iyer@solararenewables.in | M6: 9846913810 | N6: B+ | O6: Married | P6: 36.3 | Q6: Active | R6: =ROUND((TODAY()-E6)/365.25,1) -> 11.2 | S6: Yes | T6: No
A7: SOL-EMP-0003 | B7: Vikram Desai | C7: M | D7: 29191 | E7: 42170 | F7: Vice President, Manufacturing & Operations | G7: Manufacturing & Production | H7: L1 | I7: Full-time, Permanent | J7: Corporate Office, Viman Nagar, Pune | K7: Rajeev Menon | L7: vikram.desai@solararenewables.in | M7: 9823756669 | N7: B- | O7: Married | P7: 55.4 | Q7: Active | R7: =ROUND((TODAY()-E7)/365.25,1) -> 11.2 | S7: Yes | T7: No
A8: SOL-EMP-0004 | B8: Sanjana Kulkarni | C8: F | D8: 30341 | E8: 42170 | F8: Vice President & Head of R&D (CTO) | G8: R&D & Engineering | H8: L1 | I8: Full-time, Permanent | J8: Corporate Office, Viman Nagar, Pune | K8: Rajeev Menon | L8: sanjana.kulkarni@solararenewables.in | M8: 9883197857 | N8: A+ | O8: Married | P8: 49.8 | Q8: Active | R8: =ROUND((TODAY()-E8)/365.25,1) -> 11.2 | S8: Yes | T8: No
A9: SOL-EMP-0005 | B9: Arjun Nair | C9: M | D9: 29524 | E9: 42170 | F9: Vice President, Sales & Marketing | G9: Sales & Marketing | H9: L1 | I9: Full-time, Permanent | J9: Corporate Office, Viman Nagar, Pune | K9: Rajeev Menon | L9: arjun.nair@solararenewables.in | M9: 9814265799 | N9: A+ | O9: Married | P9: 31.5 | Q9: Active | R9: =ROUND((TODAY()-E9)/365.25,1) -> 11.2 | S9: Yes | T9: No
A10: SOL-EMP-0006 | B10: Ananya Rao | C10: F | D10: 30053 | E10: 42170 | F10: Vice President, People & Culture | G10: Human Resources & Admin | H10: L1 | I10: Full-time, Permanent | J10: Corporate Office, Viman Nagar, Pune | K10: Rajeev Menon | L10: ananya.rao@solararenewables.in | M10: 9841227216 | N10: A- | O10: Married | P10: 50.3 | Q10: Active | R10: =ROUND((TODAY()-E10)/365.25,1) -> 11.2 | S10: Yes | T10: No
A11: SOL-EMP-0007 | B11: Farhan Sheikh | C11: M | D11: 31266 | E11: 42170 | F11: Head of Information Technology | G11: Information Technology | H11: L1 | I11: Full-time, Permanent | J11: Corporate Office, Viman Nagar, Pune | K11: Rajeev Menon | L11: farhan.sheikh@solararenewables.in | M11: 9885329037 | N11: B+ | O11: Married | P11: 54.5 | Q11: Active | R11: =ROUND((TODAY()-E11)/365.25,1) -> 11.2 | S11: Yes | T11: No
A12: SOL-EMP-0008 | B12: Karthik Subramaniam | C12: M | D12: 30726 | E12: 42170 | F12: Senior Manager - HR (Employee Relations & Compliance) | G12: Human Resources & Admin | H12: L1 | I12: Full-time, Permanent | J12: Corporate Office, Viman Nagar, Pune | K12: Rajeev Menon | L12: karthik.s@solararenewables.in | M12: 9883140807 | N12: AB+ | O12: Married | P12: 36.2 | Q12: Active | R12: =ROUND((TODAY()-E12)/365.25,1) -> 11.2 | S12: Yes | T12: No
A13: SOL-EMP-0009 | B13: Devika Shah | C13: F | D13: 32315 | E13: 42170 | F13: Manager - Talent Acquisition | G13: Human Resources & Admin | H13: L1 | I13: Full-time, Permanent | J13: Corporate Office, Viman Nagar, Pune | K13: Rajeev Menon | L13: devika.shah@solararenewables.in | M13: 9889089901 | N13: O+ | O13: Married | P13: 57.9 | Q13: Active | R13: =ROUND((TODAY()-E13)/365.25,1) -> 11.2 | S13: Yes | T13: No
A14: SOL-EMP-0010 | B14: Pooja Verma | C14: F | D14: 32935 | E14: 42170 | F14: Executive - Talent Acquisition | G14: Human Resources & Admin | H14: L1 | I14: Full-time, Permanent | J14: Corporate Office, Viman Nagar, Pune | K14: Rajeev Menon | L14: pooja.verma@solararenewables.in | M14: 9810872248 | N14: O- | O14: Married | P14: 57.8 | Q14: Active | R14: =ROUND((TODAY()-E14)/365.25,1) -> 11.2 | S14: Yes | T14: No
A15: SOL-EMP-0044 | B15: Meenal Kanetkar | C15: F | D15: 29175 | E15: 42170 | F15: Head of Quality Assurance | G15: Quality Assurance | H15: L1 | I15: Full-time, Permanent | J15: Corporate Office, Viman Nagar, Pune | K15: Rajeev Menon | L15: meenal.kanetkar@solararenewables.in | M15: 9866722344 | N15: O+ | O15: Married | P15: 38.3 | Q15: Active | R15: =ROUND((TODAY()-E15)/365.25,1) -> 11.2 | S15: Yes | T15: No
A16: SOL-EMP-0051 | B16: Suresh Pillai | C16: M | D16: 29795 | E16: 42170 | F16: Head of Supply Chain & Procurement | G16: Supply Chain & Procurement | H16: L1 | I16: Full-time, Permanent | J16: Corporate Office, Viman Nagar, Pune | K16: Rajeev Menon | L16: suresh.pillai@solararenewables.in | M16: 9838898923 | N16: O- | O16: Married | P16: 40.5 | Q16: Active | R16: =ROUND((TODAY()-E16)/365.25,1) -> 11.2 | S16: Yes | T16: No
... A54: SOL-EMP-0045 | B54: Shruti Bhosale | C54: F | D54: 32212 | E54: 45649 | F54: Senior Executive - Supply Chain | G54: Supply Chain & Procurement | H54: E1 | I54: Full-time, Permanent | J54: Sales Office, Bengaluru | K54: Suresh Pillai | L54: shruti.bhosale@solararenewables.in | M54: 9525904456 | N54: B- | O54: Married | P54: 10.9 | Q54: Active | R54: =ROUND((TODAY()-E54)/365.25,1) -> 1.7 | S54: Yes | T54: No
A57: Legend:
A58: Yellow highlight = Resigned or under disciplinary review
A59: Grades: E1-E4 (Executive band), M1-M2 (Managerial band), L1 (Leadership)
A60: Source: HR Information System (HRIS) export, prepared by Talent & HR Ops team, Solara Renewables

Sheet Headcount Summary
A1: Headcount Summary by Department
A3: Department | B3: Headcount (this extract) | C3: Active
A4: Manufacturing & Production | B4: =COUNTIF('Employee Master'!G:G,A4) -> 8 | C4: =COUNTIFS('Employee Master'!G:G,A4,'Employee Master'!Q:Q,"Active") -> 6
A5: Quality Assurance | B5: =COUNTIF('Employee Master'!G:G,A5) -> 6 | C5: =COUNTIFS('Employee Master'!G:G,A5,'Employee Master'!Q:Q,"Active") -> 6
A6: R&D & Engineering | B6: =COUNTIF('Employee Master'!G:G,A6) -> 3 | C6: =COUNTIFS('Employee Master'!G:G,A6,'Employee Master'!Q:Q,"Active") -> 3
A7: Sales & Marketing | B7: =COUNTIF('Employee Master'!G:G,A7) -> 5 | C7: =COUNTIFS('Employee Master'!G:G,A7,'Employee Master'!Q:Q,"Active") -> 5
A8: Finance & Accounts | B8: =COUNTIF('Employee Master'!G:G,A8) -> 7 | C8: =COUNTIFS('Employee Master'!G:G,A8,'Employee Master'!Q:Q,"Active") -> 7
A9: Human Resources & Admin | B9: =COUNTIF('Employee Master'!G:G,A9) -> 7 | C9: =COUNTIFS('Employee Master'!G:G,A9,'Employee Master'!Q:Q,"Active") -> 7
A10: Information Technology | B10: =COUNTIF('Employee Master'!G:G,A10) -> 2 | C10: =COUNTIFS('Employee Master'!G:G,A10,'Employee Master'!Q:Q,"Active") -> 2
A11: Supply Chain & Procurement | B11: =COUNTIF('Employee Master'!G:G,A11) -> 11 | C11: =COUNTIFS('Employee Master'!G:G,A11,'Employee Master'!Q:Q,"Active") -> 8
A12: Executive Office | B12: =COUNTIF('Employee Master'!G:G,A12) -> 1 | C12: =COUNTIFS('Employee Master'!G:G,A12,'Employee Master'!Q:Q,"Active") -> 1
A13: TOTAL (this extract) | B13: =SUM(B4:B12) -> 50 | C13: =SUM(C4:C12) -> 45
